in_sample_mean_pct,beta_post_sample,se_post_sample,t_post_sample,beta_post_pub,se_post_pub,t_post_pub,decay_oos_pct,decay_post_pub_pct,n_obs,n_factors
-0.6307653977529746,0.053602289943948764,0.1533586720702174,0.34952239231314036,0.10249325535833803,0.12962257018410095,0.7907053163100256,-8.497975655433928,-16.249029468556433,3361,9
